City_ID,City,Country,Date,Lat,Lng,Max Temp,Humidity,Cloudiness,Wind Speed
0,Ushuaia,AR,2021-01-28 04:27:11,-54.8,-68.3,41.0,70,40,8.05
1,Upernavik,GL,2021-01-28 04:22:21,72.7868,-56.1549,-6.18,91,91,6.71
2,Mar Del Plata,AR,2021-01-28 04:24:13,-38.0023,-57.5575,64.99,77,90,6.91
3,Port Elizabeth,ZA,2021-01-28 04:26:40,-33.918,25.5701,57.2,88,0,4.61
4,Norwich,GB,2021-01-28 04:27:11,52.6278,1.2983,42.8,93,90,9.22
5,Jamestown,US,2021-01-28 04:27:11,42.097,-79.2353,21.0,93,90,6.46
6,Qaanaaq,GL,2021-01-28 04:27:11,77.484,-69.3632,-14.91,66,0,7.96
7,Suez,EG,2021-01-28 04:22:59,29.9737,32.5263,52.61,72,29,8.34
8,Henties Bay,NA,2021-01-28 04:27:12,-22.116,14.2845,68.0,86,2,4.92
9,Arraial Do Cabo,BR,2021-01-28 04:27:12,-22.9661,-42.0278,76.6,83,100,24.07
10,Salta,AR,2021-01-28 04:22:20,-24.7859,-65.4117,62.6,82,0,4.61
11,Touros,BR,2021-01-28 04:27:12,-5.1989,-35.4608,78.8,78,20,8.05
12,Dwarka,IN,2021-01-28 04:27:13,22.2394,68.9678,68.54,42,0,13.82
13,Cape Town,ZA,2021-01-28 04:27:08,-33.9258,18.4232,63.0,77,0,11.5
14,Nanortalik,GL,2021-01-28 04:27:13,60.1432,-45.2371,24.96,93,100,4.23
15,Mahebourg,MU,2021-01-28 04:27:13,-20.4081,57.7,80.6,78,20,3.44
16,Vila Velha,BR,2021-01-28 04:22:18,-20.3297,-40.2925,77.0,83,20,5.75
17,Port Alfred,ZA,2021-01-28 04:27:13,-33.5906,26.891,63.0,83,25,1.99
18,Muzhi,RU,2021-01-28 04:27:14,65.3667,64.6667,-17.75,88,100,9.64
19,Banda Aceh,ID,2021-01-28 04:27:14,5.5577,95.3222,83.84,70,97,12.19
20,Kalabo,ZM,2021-01-28 04:27:14,-14.97,22.6814,63.43,96,100,5.5
21,Rocha,UY,2021-01-28 04:22:57,-34.4833,-54.3333,59.92,89,0,2.35
22,Vestmannaeyjar,IS,2021-01-28 04:27:14,63.4427,-20.2734,32.52,90,61,18.61
23,Orocue,CO,2021-01-28 04:27:15,4.7912,-71.3354,78.67,60,51,7.05
24,Bentiu,SS,2021-01-28 04:27:15,9.2333,29.8333,70.27,30,26,0.87
25,Bathsheba,BB,2021-01-28 04:27:15,13.2167,-59.5167,78.8,65,20,20.71
26,Villazon,BO,2021-01-28 04:27:15,-22.0866,-65.5942,49.66,70,19,6.87
27,Saint George,US,2021-01-28 04:26:59,37.1041,-113.5841,41.0,52,90,3.44
28,Hermanus,ZA,2021-01-28 04:27:15,-34.4187,19.2345,52.0,92,3,6.11
29,Stephenville,US,2021-01-28 04:27:16,32.2207,-98.2023,35.6,80,1,4.61
30,Saint-Pierre,RE,2021-01-28 04:27:16,-21.3393,55.4781,84.2,54,0,4.61
31,Coquimbo,CL,2021-01-28 04:27:11,-29.9533,-71.3436,59.0,88,0,3.44
32,Thompson,CA,2021-01-28 04:27:16,55.7435,-97.8558,-27.4,75,1,2.48
33,Rybachiy,RU,2021-01-28 04:27:16,48.7073,44.7449,28.4,86,90,13.42
34,Necochea,AR,2021-01-28 04:27:16,-38.5473,-58.7368,62.01,70,76,0.98
35,Nieuw Amsterdam,SR,2021-01-28 04:27:17,5.8833,-55.0833,75.99,89,94,1.99
36,Xai-Xai,MZ,2021-01-28 04:27:17,-25.0519,33.6442,75.76,87,63,6.33
37,Saldanha,ZA,2021-01-28 04:27:17,-33.0117,17.9442,55.4,82,0,5.75
38,Atar,MR,2021-01-28 04:27:17,20.5169,-13.0499,65.57,25,0,9.69
39,Nyazepetrovsk,RU,2021-01-28 04:27:17,56.0531,59.6028,23.97,94,100,8.25
40,Changji,CN,2021-01-28 04:27:17,44.0167,87.3167,5.0,85,1,2.24
41,East London,ZA,2021-01-28 04:27:18,-33.0153,27.9116,62.6,100,75,6.91
42,Gulbene,LV,2021-01-28 04:27:18,57.1777,26.7529,28.36,98,100,5.66
43,Punta Arenas,CL,2021-01-28 04:27:18,-53.15,-70.9167,42.8,81,90,16.11
44,Abu Samrah,SY,2021-01-28 04:27:18,35.3029,37.1841,49.57,82,99,13.47
45,Kiruna,SE,2021-01-28 04:27:18,67.8557,20.2251,14.0,92,90,6.91
46,Alta Floresta,BR,2021-01-28 04:27:18,-9.8756,-56.0861,70.07,94,90,2.19
47,Darnah,LY,2021-01-28 04:27:19,32.767,22.6367,52.23,65,76,15.23
48,Carmarthen,GB,2021-01-28 04:27:19,51.8555,-4.3054,48.2,100,90,17.27
49,Carnarvon,AU,2021-01-28 04:27:19,-24.8667,113.6333,82.4,57,0,20.71
50,Bredasdorp,ZA,2021-01-28 04:27:19,-34.5322,20.0403,46.4,87,3,1.14
51,Progreso,MX,2021-01-28 04:27:19,21.2833,-89.6667,79.0,78,40,11.81
52,Saint-Philippe,RE,2021-01-28 04:27:20,-21.3585,55.7679,84.2,54,0,4.61
53,Kavaratti,IN,2021-01-28 04:27:20,10.5669,72.642,80.53,70,74,14.09
54,Madaoua,NE,2021-01-28 04:27:20,14.073,5.96,65.05,20,25,13.29
55,Rawson,AR,2021-01-28 04:25:27,-43.3002,-65.1023,62.55,52,41,12.64
56,Faya,SA,2021-01-28 04:22:53,18.3851,42.4509,57.2,47,0,4.61
57,Meulaboh,ID,2021-01-28 04:27:20,4.1363,96.1285,85.51,60,93,0.34
58,Nacala,MZ,2021-01-28 04:27:20,-14.5428,40.6728,77.45,88,78,4.92
59,Guantanamo,CU,2021-01-28 04:27:21,20.1444,-75.2092,73.4,94,20,5.75
60,Jiblah,YE,2021-01-28 04:27:21,13.9216,44.1467,53.6,41,0,6.13
61,Marawi,PH,2021-01-28 04:27:21,7.9986,124.2928,81.0,74,58,4.0
62,Udala,ES,2021-01-28 04:27:21,43.0778,-2.5125,51.01,98,71,3.0
63,Grindavik,IS,2021-01-28 04:22:53,63.8424,-22.4338,26.6,74,0,16.11
64,Hithadhoo,MV,2021-01-28 04:27:21,-0.6,73.0833,81.75,78,99,14.58
65,Cockburn Town,TC,2021-01-28 04:27:22,21.4612,-71.1419,76.15,75,14,15.05
66,Agapovka,RU,2021-01-28 04:27:22,53.2973,59.1348,3.2,85,65,8.95
67,Teya,RU,2021-01-28 04:27:22,60.3778,92.6267,-29.07,81,100,2.53
68,Coroata,BR,2021-01-28 04:27:22,-4.13,-44.1242,73.2,97,100,2.68
69,Busselton,AU,2021-01-28 04:27:22,-33.65,115.3333,78.01,42,13,4.0
70,Trincomalee,LK,2021-01-28 04:27:22,8.5711,81.2335,79.38,73,68,14.07
71,Tiznit,MA,2021-01-28 04:27:23,29.5833,-9.5,61.74,37,0,3.29
72,Adrar,MR,2021-01-28 04:27:23,20.5022,-10.0711,61.66,30,0,10.18
73,Bengkulu,ID,2021-01-28 04:27:23,-3.8004,102.2655,78.03,86,100,2.73
74,Vila Franca Do Campo,PT,2021-01-28 04:27:23,37.7167,-25.4333,62.6,94,75,17.27
75,Harper,LR,2021-01-28 04:27:23,4.375,-7.7169,77.58,87,2,6.44
76,Puerto Del Rosario,ES,2021-01-28 04:26:27,28.5004,-13.8627,60.8,59,0,6.91
77,Porto Torres,IT,2021-01-28 04:27:24,40.835,8.3972,57.2,82,20,10.36
78,Presidencia Roque Saenz Pena,AR,2021-01-28 04:27:24,-26.7852,-60.4388,73.99,89,0,2.95
79,Pokhara,NP,2021-01-28 04:27:24,28.2333,83.9833,65.21,25,0,4.38
80,Codajas,BR,2021-01-28 04:27:24,-3.8367,-62.0569,74.12,96,93,1.5
81,Mikumi,TZ,2021-01-28 04:27:25,-7.4041,36.9831,70.41,92,84,3.51
82,Caravelas,BR,2021-01-28 04:27:25,-17.7125,-39.2481,74.35,86,58,4.09
83,Menongue,AO,2021-01-28 04:27:25,-14.6585,17.691,62.46,94,100,4.41
84,Mendoza,AR,2021-01-28 04:27:25,-32.8908,-68.8272,78.8,38,20,1.57
85,Santa Marta De Tormes,ES,2021-01-28 04:27:25,40.9506,-5.6272,46.99,100,39,3.44
86,Antsohihy,MG,2021-01-28 04:27:26,-14.8796,47.9875,76.82,90,9,0.49
87,Obsharovka,RU,2021-01-28 04:27:26,53.125,48.8531,17.11,96,100,9.91
88,Pangnirtung,CA,2021-01-28 04:27:26,66.1451,-65.7125,5.45,67,0,3.15
89,Arlit,NE,2021-01-28 04:27:26,18.7369,7.3853,57.92,31,0,4.61
90,Ahvaz,IR,2021-01-28 04:27:26,31.3203,48.6693,44.6,81,100,2.3
91,Carbonia,IT,2021-01-28 04:27:27,39.1672,8.5222,57.2,77,40,14.97
92,Mufulira,ZM,2021-01-28 04:27:27,-12.5498,28.2407,64.99,94,95,4.0
93,Sao Joao Da Barra,BR,2021-01-28 04:27:27,-21.6403,-41.0511,76.71,84,0,14.41
94,Cayenne,GF,2021-01-28 04:27:27,4.9333,-52.3333,78.8,78,0,8.05
95,Hualmay,PE,2021-01-28 04:22:37,-11.0964,-77.6139,70.34,84,100,8.12
96,Ribeira Grande,PT,2021-01-28 04:27:28,38.5167,-28.7,60.73,78,61,19.24
97,Timbiqui,CO,2021-01-28 04:27:28,2.7717,-77.6654,74.05,93,95,3.94
98,Kassala,SD,2021-01-28 04:27:28,15.451,36.4,66.42,73,6,5.35
99,Malanje,AO,2021-01-28 04:27:28,-9.5402,16.341,61.56,99,99,2.55
100,Vestmanna,FO,2021-01-28 04:27:28,62.1564,-7.1664,26.6,68,75,1.14
101,Vardo,NO,2021-01-28 04:27:28,70.3705,31.1107,23.0,86,75,20.71
102,Aleksandro-Nevskiy,RU,2021-01-28 04:27:29,53.4751,40.2095,32.0,90,100,12.86
103,Tambopata,PE,2021-01-28 04:27:29,-12.7333,-69.1833,72.91,99,100,1.92
104,Tukrah,LY,2021-01-28 04:27:29,32.5341,20.5791,53.65,76,90,10.69
105,Lebu,CL,2021-01-28 04:27:29,-37.6167,-73.65,54.36,91,85,3.78
106,Inhambane,MZ,2021-01-28 04:27:29,-23.865,35.3833,82.4,89,40,5.3
107,Libreville,GA,2021-01-28 04:27:30,0.3925,9.4537,75.2,88,20,4.61
108,Hollins,US,2021-01-28 04:27:30,37.3413,-79.9431,37.0,93,90,5.75
109,Torbay,CA,2021-01-28 04:27:30,47.6666,-52.7314,26.01,86,90,8.05
110,Asaba,NG,2021-01-28 04:27:30,6.2006,6.7338,76.23,86,59,3.02
111,Muros,ES,2021-01-28 04:27:31,42.7762,-9.0603,57.0,95,100,7.0
112,Mindelo,CV,2021-01-28 04:27:31,16.8901,-24.9804,68.0,83,20,19.57
113,Tirano,IT,2021-01-28 04:27:31,46.2154,10.1679,42.01,61,86,7.74
114,Xacmaz,AZ,2021-01-28 04:27:31,41.4635,48.806,45.21,58,100,6.58
115,Longyearbyen,SJ,2021-01-28 04:27:31,78.2186,15.6401,1.4,60,20,19.57
116,May Pen,JM,2021-01-28 04:27:32,17.9645,-77.2451,80.6,74,75,4.61
117,Mogadishu,SO,2021-01-28 04:27:32,2.0371,45.3438,75.2,69,20,10.36
118,Westport,US,2021-01-28 04:23:11,41.1415,-73.3579,32.0,64,90,10.36
119,Georgetown,MY,2021-01-28 04:27:32,5.4112,100.3354,86.0,66,20,4.61
120,Kottapalli,IN,2021-01-28 04:27:32,18.4833,79.1,75.2,66,100,9.71
121,Vizinga,RU,2021-01-28 04:27:32,61.0749,50.1031,24.19,97,71,7.38
122,Borovoy,RU,2021-01-28 04:27:33,55.4333,86.0833,8.6,78,90,0.67
123,Brae,GB,2021-01-28 04:27:33,60.3964,-1.353,28.4,86,59,2.3
124,Togul,RU,2021-01-28 04:27:33,53.465,85.9128,19.92,97,100,12.28
125,Solvychegodsk,RU,2021-01-28 04:27:33,61.3305,46.9156,24.48,97,52,7.18
126,Diamantino,BR,2021-01-28 04:27:33,-14.4086,-56.4461,72.61,90,92,2.01
127,Richards Bay,ZA,2021-01-28 04:27:33,-28.783,32.0377,70.72,93,100,16.87
128,Luderitz,NA,2021-01-28 04:23:26,-26.6481,15.1594,64.72,59,0,23.0
129,Odweyne,SO,2021-01-28 04:27:34,9.4092,45.064,61.66,49,0,3.36
130,Hobyo,SO,2021-01-28 04:27:34,5.3505,48.5268,76.66,70,87,21.36
131,Nuuk,GL,2021-01-28 04:27:35,64.1835,-51.7216,23.0,49,82,15.01
132,Kulhudhuffushi,MV,2021-01-28 04:27:35,6.6221,73.07,80.74,67,0,11.79
133,Misratah,LY,2021-01-28 04:27:35,32.3754,15.0925,55.4,54,15,17.52
134,Salalah,OM,2021-01-28 04:27:35,17.0151,54.0924,68.0,40,0,1.14
135,Malakal,SS,2021-01-28 04:27:35,9.5334,31.6605,76.42,22,33,6.85
136,Colesberg,ZA,2021-01-28 04:27:35,-30.72,25.0972,53.94,76,78,14.9
137,Dekar,BW,2021-01-28 04:27:35,-21.5333,21.9333,70.21,76,100,3.2
138,Mozarlandia,BR,2021-01-28 04:27:36,-14.7447,-50.5706,73.04,89,100,3.22
139,Raga,SS,2021-01-28 04:27:36,8.4596,25.678,66.81,27,10,2.28
140,Formosa,AR,2021-01-28 04:27:36,-26.1775,-58.1781,75.2,94,0,2.21
141,Saint-Joseph,RE,2021-01-28 04:27:36,-21.3667,55.6167,84.2,54,0,4.61
142,Konskie,PL,2021-01-28 04:27:36,51.1917,20.4061,30.0,10,48,5.48
143,Sao Jose Da Coroa Grande,BR,2021-01-28 04:27:36,-8.8978,-35.1478,76.55,84,39,6.58
144,Chuy,UY,2021-01-28 04:27:37,-33.6971,-53.4616,64.6,89,30,2.53
145,Cidreira,BR,2021-01-28 04:27:37,-30.1811,-50.2056,73.54,93,81,9.13
146,Koumra,TD,2021-01-28 04:27:37,8.9126,17.5539,69.19,23,40,4.85
147,Pisco,PE,2021-01-28 04:27:37,-13.7,-76.2167,70.0,73,0,2.3
148,Klaksvik,FO,2021-01-28 04:27:37,62.2266,-6.589,26.6,68,75,1.14
149,Dikson,RU,2021-01-28 04:27:37,73.5069,80.5464,-26.57,83,100,8.99
150,Kanniyakumari,IN,2021-01-28 04:27:38,8.0833,77.5667,77.54,66,90,21.7
151,Nizhniy Baskunchak,RU,2021-01-28 04:27:38,48.2198,46.8311,29.19,93,100,15.82
152,Ponta Delgada,PT,2021-01-28 04:27:38,37.7333,-25.6667,62.6,94,75,17.27
153,Karasjok,NO,2021-01-28 04:27:38,69.4719,25.5112,19.4,73,90,2.3
154,Mokhotlong,LS,2021-01-28 04:27:38,-29.2894,29.0675,53.85,83,100,1.41
155,Manaure,CO,2021-01-28 04:27:38,11.7751,-72.4445,77.22,78,61,14.25
156,Loandjili,CG,2021-01-28 04:27:39,-4.7561,11.8578,75.2,100,20,3.44
157,Galbshtadt,RU,2021-01-28 04:27:39,53.2264,78.9845,19.53,98,100,8.12
158,Berlevag,NO,2021-01-28 04:27:39,70.8578,29.0864,24.8,74,75,11.5
159,Narsaq,GL,2021-01-28 04:27:39,60.9167,-46.05,39.2,33,75,24.16
160,Businga,CD,2021-01-28 04:27:39,3.3333,20.8833,69.28,97,100,1.79
161,Sisimiut,GL,2021-01-28 04:27:40,66.9395,-53.6735,8.42,78,0,11.16
162,Sorland,NO,2021-01-28 04:27:40,67.667,12.6934,32.56,89,0,15.68
163,Polunochnoye,RU,2021-01-28 04:27:40,60.8697,60.4153,20.7,96,100,5.73
164,Souillac,MU,2021-01-28 04:27:40,-20.5167,57.5167,80.6,78,20,3.44
165,Tougue,GN,2021-01-28 04:27:40,11.4667,-11.6,62.29,27,0,1.5
166,Alekseyevka,RU,2021-01-28 04:27:40,50.6309,38.6903,35.47,91,100,14.67
167,Inirida,CO,2021-01-28 04:27:40,3.8653,-67.9239,74.43,90,100,3.51
168,Tasiilaq,GL,2021-01-28 04:27:41,65.6145,-37.6368,23.0,50,90,21.85
169,Chapais,CA,2021-01-28 04:27:41,49.7834,-74.8492,10.4,85,90,10.36
170,Iralaya,HN,2021-01-28 04:27:41,15.0,-83.2333,77.95,79,0,10.92
171,Filadelfia,US,2021-01-28 04:25:52,39.9523,-75.1638,32.0,59,90,11.5
172,Betioky,MG,2021-01-28 04:27:41,-23.7167,44.3833,78.44,72,3,3.74
173,Castro,BR,2021-01-28 04:27:41,-24.7911,-50.0119,66.7,89,100,4.05
174,Laguna,US,2021-01-28 04:27:41,38.421,-121.4238,48.2,87,90,10.36
175,Tessalit,ML,2021-01-28 04:27:42,20.1986,1.0114,60.6,27,0,7.63
176,Snasa,NO,2021-01-28 04:27:42,64.2457,12.3778,21.18,95,100,2.86
177,Ilulissat,GL,2021-01-28 04:27:42,69.2167,-51.1,-0.4,60,0,3.44
178,Alberton,CA,2021-01-28 04:27:42,46.8168,-64.0654,26.6,93,98,12.66
179,Alakurtti,RU,2021-01-28 04:27:42,66.9672,30.3491,16.0,87,100,5.01
180,Ponta Do Sol,PT,2021-01-28 04:27:43,32.6667,-17.1,59.0,78,55,1.01
181,Khokhryaki,RU,2021-01-28 04:27:43,56.9156,53.3221,21.99,77,100,4.0
182,Acari,PE,2021-01-28 04:27:43,-15.4311,-74.6158,70.7,70,23,3.42
183,Ipixuna,BR,2021-01-28 04:27:43,-1.7625,-48.8043,77.0,94,0,3.44
184,Uyuni,BO,2021-01-28 04:27:43,-20.4597,-66.825,47.93,48,1,10.27
185,Tamandare,BR,2021-01-28 04:27:43,-8.7597,-35.1047,75.9,84,22,5.59
186,Lujan,AR,2021-01-28 04:27:43,-34.5703,-59.105,75.99,66,0,3.0
187,Qaqortoq,GL,2021-01-28 04:27:44,60.7167,-46.0333,39.2,33,75,24.16
188,Aktas,KZ,2021-01-28 04:27:44,49.7789,72.9608,21.2,86,90,4.47
189,Aksu,CN,2021-01-28 04:27:44,41.1231,80.2644,27.18,75,0,2.17
190,Nizwa,OM,2021-01-28 04:27:44,22.9333,57.5333,63.97,40,0,2.1
191,Nyrob,RU,2021-01-28 04:27:44,60.733,56.7202,23.09,97,100,10.02
192,Cervo,ES,2021-01-28 04:27:44,43.6702,-7.4101,55.0,91,90,8.99
193,Kruisfontein,ZA,2021-01-28 04:27:45,-34.0033,24.7314,55.99,94,36,1.01
194,Talnakh,RU,2021-01-28 04:27:45,69.4865,88.3972,-32.46,82,20,0.07
195,Coihaique,CL,2021-01-28 04:27:45,-45.5752,-72.0662,51.8,50,0,11.5
196,Hvolsvollur,IS,2021-01-28 04:27:45,63.7533,-20.2243,21.74,90,59,6.82
197,Neuquen,AR,2021-01-28 04:27:45,-38.9516,-68.0591,64.4,42,0,9.22
198,Codrington,AU,2021-01-28 04:27:45,-38.2667,141.9667,82.18,45,100,15.61
199,Balkanabat,TM,2021-01-28 04:27:45,39.5108,54.3671,46.74,47,26,14.67
200,Porto Recanati,IT,2021-01-28 04:27:46,43.4365,13.6613,37.99,93,13,4.61
201,Uthal,PK,2021-01-28 04:27:46,25.8072,66.6219,66.36,24,0,2.84
202,Hofn,IS,2021-01-28 04:27:46,64.2539,-15.2082,25.92,83,0,18.16
203,Yenagoa,NG,2021-01-28 04:27:46,4.9247,6.2642,76.73,92,57,2.28
204,Praia Da Vitoria,PT,2021-01-28 04:27:46,38.7333,-27.0667,61.0,100,40,15.82
205,Inongo,CD,2021-01-28 04:27:47,-1.95,18.2667,70.68,95,100,3.24
206,Victoria,HK,2021-01-28 04:23:41,22.2855,114.1577,71.01,67,2,1.01
207,Ibadan,NG,2021-01-28 04:27:47,7.3878,3.8964,77.0,94,0,2.3
208,Olinda,BR,2021-01-28 04:27:47,-8.0089,-34.8553,78.8,73,75,6.91
209,Ostrovnoy,RU,2021-01-28 04:27:47,68.0531,39.5131,11.61,94,100,19.28
210,Sao Gabriel Da Cachoeira,BR,2021-01-28 04:25:08,-0.1303,-67.0892,73.65,95,96,1.79
211,Xique-Xique,BR,2021-01-28 04:27:48,-10.8218,-42.7263,76.6,65,63,19.17
212,Bauchi,NG,2021-01-28 04:27:48,10.5,10.0,62.73,24,62,4.54
213,Gambela,ET,2021-01-28 04:27:48,8.25,34.5833,81.32,44,43,2.73
214,Takoradi,GH,2021-01-28 04:27:48,4.8845,-1.7554,77.18,91,0,6.4
215,Mehamn,NO,2021-01-28 04:27:49,71.0357,27.8492,24.8,74,75,11.5
216,Tambacounda,SN,2021-01-28 04:27:49,13.7539,-13.7586,71.6,16,0,4.61
217,Koungou,YT,2021-01-28 04:27:49,-12.7336,45.2042,78.8,89,0,3.44
218,Uinskoye,RU,2021-01-28 04:27:49,56.8817,56.5813,20.17,95,100,15.84
219,Valka,LV,2021-01-28 04:27:49,57.7752,26.0101,30.0,95,100,6.31
220,San Juan,AR,2021-01-28 04:27:49,-31.5375,-68.5364,85.87,32,37,11.23
221,Stranraer,GB,2021-01-28 04:27:50,54.9023,-5.0273,43.0,100,90,6.91
222,Hambantota,LK,2021-01-28 04:27:50,6.1241,81.1185,82.4,74,75,9.22
223,Buta,CD,2021-01-28 04:27:50,2.7858,24.73,68.23,97,82,0.63
224,Lithakia,GR,2021-01-28 04:27:50,37.7167,20.8333,37.4,93,75,3.44
225,Kutum,SD,2021-01-28 04:27:51,14.2,24.6667,55.56,29,86,6.53
226,Cururupu,BR,2021-01-28 04:27:51,-1.8283,-44.8683,75.49,93,100,1.57
227,Rio Bananal,BR,2021-01-28 04:27:51,-19.265,-40.3333,69.24,94,0,2.71
228,Cabedelo,BR,2021-01-28 04:27:26,-6.9811,-34.8339,78.8,83,20,5.75
229,Kifri,IQ,2021-01-28 04:27:51,34.6959,44.9661,57.67,36,100,8.7
230,Bell Ville,AR,2021-01-28 04:27:51,-32.6259,-62.6887,71.01,91,5,1.99
231,Barahona,DO,2021-01-28 04:27:52,18.2085,-71.1008,73.17,76,12,1.83
232,Umm Lajj,SA,2021-01-28 04:27:52,25.0213,37.2685,69.58,81,14,5.14
233,Abu Dhabi,AE,2021-01-28 04:24:31,24.4667,54.3667,62.6,88,0,3.44
234,Shahdadkot,PK,2021-01-28 04:27:53,27.8477,67.9055,61.3,26,0,1.92
235,Cape Canaveral,US,2021-01-28 04:25:55,28.4058,-80.6048,73.99,88,40,3.44
236,Sur,OM,2021-01-28 04:27:53,22.5667,59.5289,69.44,62,0,11.61
237,Camopi,GF,2021-01-28 04:27:53,3.1655,-52.3158,71.42,97,100,3.04
238,Paracuru,BR,2021-01-28 04:27:53,-3.41,-39.0306,81.0,76,80,21.99
239,Bilma,NE,2021-01-28 04:27:53,18.6853,12.9164,58.91,34,0,14.67
240,Kibala,TD,2021-01-28 04:27:53,9.1104,18.3463,68.0,42,0,5.06
241,Puerto Narino,CO,2021-01-28 04:27:54,-3.7703,-70.3831,75.2,100,90,2.3
242,Govindgarh,IN,2021-01-28 04:27:54,27.5,76.9833,57.45,37,0,1.32
243,Camacha,PT,2021-01-28 04:27:54,33.0833,-16.3333,60.8,94,40,5.75
244,Staryy Oskol,RU,2021-01-28 04:27:54,51.2967,37.8417,34.34,93,100,12.84
245,Ndjole,GA,2021-01-28 04:27:54,-0.1783,10.7649,71.92,94,100,1.63
246,Saint Anthony,US,2021-01-28 04:27:55,45.0205,-93.218,10.4,56,90,3.44
247,Geraldton,AU,2021-01-28 04:27:55,-28.7667,114.6,80.6,36,0,23.02
248,Gouyave,GD,2021-01-28 04:27:55,12.1646,-61.7296,77.0,83,20,11.5
249,Iqaluit,CA,2021-01-28 04:27:55,63.7506,-68.5145,-2.0,60,1,20.71
250,Sainte-Maxime,FR,2021-01-28 04:27:55,43.3,6.6333,39.0,93,9,3.98
251,San Pancrazio Salentino,IT,2021-01-28 04:27:55,40.4191,17.8305,42.01,70,75,6.91
252,Barra Do Garcas,BR,2021-01-28 04:27:56,-15.89,-52.2567,71.33,92,99,2.46
253,Hamilton,US,2021-01-28 04:27:56,39.1834,-84.5333,26.6,80,90,9.22
254,Gazanjyk,TM,2021-01-28 04:27:56,39.2446,55.5154,36.82,75,21,17.81
255,Beloha,MG,2021-01-28 04:27:56,-25.1667,45.05,81.48,66,0,9.15
256,Houma,US,2021-01-28 04:27:56,29.5958,-90.7195,54.0,66,1,13.8
257,Moose Factory,CA,2021-01-28 04:27:56,51.2585,-80.6094,-5.8,84,75,6.91
258,Axim,GH,2021-01-28 04:27:57,4.8699,-2.2405,77.02,91,0,6.2
259,Prado,BR,2021-01-28 04:27:57,-17.3411,-39.2208,74.7,86,99,4.47
260,Walvis Bay,NA,2021-01-28 04:27:57,-22.9575,14.5053,68.0,88,0,10.36
261,Boddam,GB,2021-01-28 04:27:57,57.4667,-1.7833,33.01,100,75,1.14
262,Bandarbeyla,SO,2021-01-28 04:27:57,9.4942,50.8122,73.53,74,26,16.51
263,Thyolo,MW,2021-01-28 04:27:58,-16.0678,35.1405,66.06,100,99,3.53
264,Lundazi,ZM,2021-01-28 04:25:43,-12.2929,33.1782,63.88,91,100,3.11
265,Vredendal,ZA,2021-01-28 04:24:20,-31.6683,18.5012,54.32,83,0,2.48
266,Galle,LK,2021-01-28 04:27:58,6.0367,80.217,80.08,72,20,1.74
267,Road Town,VG,2021-01-28 04:27:59,18.4167,-64.6167,75.99,84,50,14.0
268,Antalaha,MG,2021-01-28 04:27:59,-14.9003,50.2788,78.6,78,0,2.8
269,Sibot,RO,2021-01-28 04:27:59,45.95,23.3333,28.4,74,90,8.05
270,Simplicio Mendes,BR,2021-01-28 04:27:59,-7.8539,-41.9103,79.86,50,96,5.7
271,Bambous Virieux,MU,2021-01-28 04:27:59,-20.3428,57.7575,84.0,78,20,3.44
272,Surt,LY,2021-01-28 04:27:59,31.2089,16.5887,54.27,60,0,16.55
273,Omboue,GA,2021-01-28 04:28:00,-1.5746,9.2618,73.98,92,100,2.53
274,Nexo,DK,2021-01-28 04:28:00,55.0607,15.1306,35.6,100,90,13.8
275,Dingle,PH,2021-01-28 04:28:00,10.9995,122.6711,82.11,80,100,14.07
276,Andenes,NO,2021-01-28 04:28:00,69.3143,16.1194,28.0,63,75,21.85
277,Lagos,NG,2021-01-28 04:23:13,6.5833,3.75,80.6,94,20,2.75
278,Kodinar,IN,2021-01-28 04:28:00,20.7903,70.7031,69.98,24,0,12.19
279,Svetlogorsk,BY,2021-01-28 04:28:01,52.6333,29.7333,25.88,99,100,4.38
280,Kwekwe,ZW,2021-01-28 04:28:01,-18.9281,29.8149,62.83,97,39,3.31
281,Bonavista,CA,2021-01-28 04:28:01,48.6499,-53.1147,26.01,93,97,8.05
282,Atbasar,KZ,2021-01-28 04:28:01,51.8,68.3333,16.21,98,48,7.18
283,Tsiroanomandidy,MG,2021-01-28 04:28:02,-18.7667,46.0333,71.31,88,5,0.6
284,Shahrud,IR,2021-01-28 04:28:02,36.4182,54.9763,33.46,76,0,2.53
285,Kushmurun,KZ,2021-01-28 04:28:02,52.4503,64.6311,12.52,96,80,10.22
286,Oriximina,BR,2021-01-28 04:27:11,-1.7656,-55.8661,74.28,94,99,2.39
287,The Valley,AI,2021-01-28 04:28:02,18.217,-63.0578,77.0,69,20,10.36
288,Saint-Francois,FR,2021-01-28 04:28:02,46.4154,3.9054,48.0,100,90,6.91
289,Grand Gaube,MU,2021-01-28 04:28:03,-20.0064,57.6608,84.0,71,42,7.0
290,Malinyi,TZ,2021-01-28 04:28:03,-8.9333,36.1333,70.88,95,46,0.65
291,Conceicao Do Araguaia,BR,2021-01-28 04:28:03,-8.2578,-49.2647,73.92,92,95,2.62
292,Iskateley,RU,2021-01-28 04:28:03,67.6803,53.1512,-7.35,91,100,17.52
293,Olafsvik,IS,2021-01-28 04:28:03,64.8945,-23.7142,29.91,86,46,10.51
294,Mitsamiouli,KM,2021-01-28 04:28:04,-11.3847,43.2844,82.69,65,50,4.59
295,Sabzevar,IR,2021-01-28 04:28:04,36.2126,57.6819,21.2,73,0,9.22
296,Severnoye,RU,2021-01-28 04:28:04,56.3491,78.3619,13.42,97,100,6.11
297,Sinazongwe,ZM,2021-01-28 04:28:04,-17.2614,27.4618,72.01,85,23,3.78
298,Rawah,IQ,2021-01-28 04:28:04,34.4816,41.9093,54.39,47,98,10.22
299,Kourou,GF,2021-01-28 04:28:05,5.1552,-52.6478,78.8,78,0,8.05
300,Winneba,GH,2021-01-28 04:28:05,5.3511,-0.6231,80.6,94,20,8.05
301,Zhezkazgan,KZ,2021-01-28 04:28:05,47.8043,67.7144,10.4,92,90,6.71
302,Nkoteng,CM,2021-01-28 04:27:08,4.5167,12.0333,69.48,91,91,3.11
303,Kemptville,CA,2021-01-28 04:28:05,45.0168,-75.641,19.4,79,90,8.05
304,Jalu,LY,2021-01-28 04:28:05,29.0331,21.5482,46.54,76,5,8.08
305,Kudahuvadhoo,MV,2021-01-28 04:28:06,2.6708,72.8944,80.11,71,60,14.99
306,Humaita,BR,2021-01-28 04:28:06,-7.5061,-63.0208,73.94,96,95,0.58
307,Dudinka,RU,2021-01-28 04:28:06,69.4058,86.1778,-33.88,83,76,0.83
308,Dunmore Town,BS,2021-01-28 04:28:06,25.5,-76.65,74.97,79,19,8.59
309,Yarada,IN,2021-01-28 04:28:06,17.65,83.2667,80.6,65,20,4.61
310,Pamyat Parizhskoy Kommuny,RU,2021-01-28 04:28:06,56.1048,44.4952,33.8,100,90,4.47
311,Portmore,JM,2021-01-28 04:28:07,17.9702,-76.8672,80.6,74,75,4.61
312,Oksfjord,NO,2021-01-28 04:28:07,70.2396,22.3479,21.2,79,90,6.91
313,Ulagan,RU,2021-01-28 04:28:07,50.6321,87.9563,15.04,85,98,1.3
314,Koygorodok,RU,2021-01-28 04:28:07,60.445,50.9968,29.77,98,100,10.76
315,Chicama,PE,2021-01-28 04:28:08,-7.8447,-79.1469,71.94,71,100,5.91
316,Yanahuanca,PE,2021-01-28 04:28:08,-10.5167,-76.4986,38.93,87,100,3.13
317,Havre-Saint-Pierre,CA,2021-01-28 04:28:08,50.2334,-63.5986,14.0,62,90,8.05
318,Bushehr,IR,2021-01-28 04:28:08,28.9684,50.8385,51.8,82,83,5.37
319,Rundu,NA,2021-01-28 04:28:08,-17.9333,19.7667,67.46,84,100,3.29
320,Teguldet,RU,2021-01-28 04:28:08,57.3064,88.1667,-21.82,84,100,5.53
321,Soyo,AO,2021-01-28 04:24:33,-6.1349,12.3689,78.67,83,99,1.77
322,Mazara Del Vallo,IT,2021-01-28 04:28:09,37.6641,12.588,53.6,82,90,10.36
323,Bar Harbor,US,2021-01-28 04:24:09,44.3876,-68.2039,30.99,86,90,4.63
324,Megion,RU,2021-01-28 04:28:09,61.0296,76.1136,-22.0,76,90,11.18
325,Carauari,BR,2021-01-28 04:28:10,-4.8828,-66.8958,74.07,96,97,0.89
326,Visnes,NO,2021-01-28 04:28:10,59.3556,5.2242,21.2,86,2,10.36
327,Escanaba,US,2021-01-28 04:28:10,45.7453,-87.0646,12.2,62,90,8.05
328,Rabo De Peixe,PT,2021-01-28 04:28:10,37.8,-25.5833,62.6,94,75,17.27
329,Sept-Iles,CA,2021-01-28 04:28:10,50.2001,-66.3821,17.6,67,0,8.05
330,Uglovskoye,RU,2021-01-28 04:28:10,51.3557,80.1942,22.06,97,100,11.05
331,Les Cayes,HT,2021-01-28 04:28:10,18.2,-73.75,72.9,73,2,6.26
332,Presidente Medici,BR,2021-01-28 04:28:11,-11.1753,-61.9014,71.92,96,94,2.04
333,Pangoa,PE,2021-01-28 04:28:11,-12.1167,-73.0,69.4,96,100,1.63
334,Tucuma,BR,2021-01-28 04:28:11,-0.1833,-50.05,76.64,89,100,6.31
335,Le Port,RE,2021-01-28 04:28:11,-20.9373,55.2919,82.4,61,0,2.3
336,Ileza,RU,2021-01-28 04:28:11,61.0533,43.9002,27.01,98,99,7.65
337,Capreol,CA,2021-01-28 04:28:11,46.706,-80.9225,-2.2,84,1,8.05
338,Thinadhoo,MV,2021-01-28 04:28:12,0.5333,72.9333,81.52,76,59,16.73
339,Gibara,CU,2021-01-28 04:28:12,21.1097,-76.1317,73.4,88,20,4.61
340,Baft,IR,2021-01-28 04:28:12,29.234,56.6057,38.3,49,0,1.74
341,Saint-Augustin,CA,2021-01-28 04:28:12,51.226,-58.6502,9.82,91,0,12.5
342,Kapustin Yar,RU,2021-01-28 04:28:12,48.5831,45.7372,28.6,94,100,13.51
343,Big Rapids,US,2021-01-28 04:28:12,43.6981,-85.4837,19.4,68,90,5.75
344,Clyde River,CA,2021-01-28 04:28:13,70.4692,-68.5914,-16.6,76,1,5.75
345,Kampli,IN,2021-01-28 04:28:13,15.4,76.6167,76.57,45,99,9.6
346,Nola,IT,2021-01-28 04:28:13,40.922,14.5329,44.01,65,0,3.44
347,Huntington,US,2021-01-28 04:28:13,38.4193,-82.4452,30.99,86,90,4.61
348,Uppsala,SE,2021-01-28 04:28:13,60.0,17.75,21.0,100,90,2.3
349,Cap Malheureux,MU,2021-01-28 04:28:14,-19.9842,57.6142,84.0,71,33,7.0
350,Benjamin Aceval,PY,2021-01-28 04:28:14,-24.9667,-57.5667,77.0,94,75,2.3
351,Makushino,RU,2021-01-28 04:28:14,55.2103,67.2442,18.43,96,99,12.86
352,Los Llanos De Aridane,ES,2021-01-28 04:28:14,28.6585,-17.9182,64.0,88,75,9.22
353,Aswan,EG,2021-01-28 04:28:14,24.0934,32.907,55.35,35,0,7.65
354,Ozinki,RU,2021-01-28 04:28:15,51.1786,49.6769,15.42,97,100,16.78
355,Guanica,PR,2021-01-28 04:28:15,17.9716,-66.908,73.0,87,0,6.06
356,Ludvika,SE,2021-01-28 04:28:15,60.1496,15.1878,19.0,92,90,4.61
357,Sarkand,KZ,2021-01-28 04:28:15,45.41,79.9186,21.02,81,33,0.76
358,Urucara,BR,2021-01-28 04:28:15,-2.5364,-57.76,74.08,95,100,2.26
359,Bonthe,SL,2021-01-28 04:28:15,7.5264,-12.505,75.65,90,3,4.45
360,Tingo Maria,PE,2021-01-28 04:28:16,-9.2895,-76.0088,69.73,82,98,1.86
361,Rantoul,US,2021-01-28 04:25:52,40.3084,-88.1559,17.6,79,1,6.91
362,Verkhnyaya Inta,RU,2021-01-28 04:28:16,65.9811,60.3094,-2.31,92,100,15.82
363,Mulatupo,PA,2021-01-28 04:28:16,8.9492,-77.7652,77.49,87,78,7.56
364,Adana,TR,2021-01-28 04:28:16,36.985,35.2881,50.0,76,75,8.05
365,Kirovskiy,RU,2021-01-28 04:28:16,45.0917,133.5136,9.64,93,100,6.33
366,Grove City,US,2021-01-28 04:28:17,39.8815,-83.093,26.01,74,90,16.11
367,Black River,JM,2021-01-28 04:28:17,18.0264,-77.8487,78.8,78,20,5.75
368,Matay,EG,2021-01-28 04:28:17,28.419,30.7792,46.54,78,0,7.78
369,Point Fortin,TT,2021-01-28 04:28:17,10.1833,-61.6833,73.99,91,77,1.01
370,Camacari,BR,2021-01-28 04:23:21,-12.6975,-38.3242,80.6,74,75,11.5
371,Korla,CN,2021-01-28 04:28:17,41.7597,86.1469,27.7,77,0,2.59
372,Naron,ES,2021-01-28 04:28:18,43.5167,-8.1528,60.01,88,75,10.36
373,Vuktyl,RU,2021-01-28 04:28:18,63.8567,57.3094,24.58,98,100,7.7
374,Warah,PK,2021-01-28 04:28:18,27.4481,67.7978,60.46,27,0,2.71
375,Libourne,FR,2021-01-28 04:28:19,44.9167,-0.25,55.4,94,90,11.5
376,Krasnoyarka,RU,2021-01-28 04:28:19,55.3333,73.1167,14.0,85,75,6.71
377,Kayes,ML,2021-01-28 04:28:19,14.0,-11.0,67.32,19,0,3.0
378,Energeticheskiy,KZ,2021-01-28 04:28:19,43.4278,77.0222,14.0,79,0,2.24
379,Varnamo,SE,2021-01-28 04:28:19,57.186,14.04,27.0,96,100,8.61
380,Juba,SS,2021-01-28 04:28:19,4.8517,31.5825,73.63,38,3,1.12
381,Lydenburg,ZA,2021-01-28 04:28:19,-25.0978,30.4597,62.51,93,100,0.72
382,Abu Kamal,SY,2021-01-28 04:28:20,34.4506,40.9171,52.11,50,97,6.98
383,Castro Alves,BR,2021-01-28 04:28:20,-12.7656,-39.4283,68.95,96,55,3.69
384,Cap-Aux-Meules,CA,2021-01-28 04:28:20,47.3821,-61.8597,24.8,68,92,13.8
385,Toul,FR,2021-01-28 04:28:20,48.6667,5.9167,51.8,100,90,8.05
386,Jumla,NP,2021-01-28 04:28:20,29.2747,82.1838,49.01,23,0,4.09
387,Saquarema,BR,2021-01-28 04:26:16,-22.92,-42.5103,73.69,81,100,8.84
388,Carbondale,US,2021-01-28 04:23:42,37.7273,-89.2168,28.4,80,90,10.36
389,Mitu,CO,2021-01-28 04:28:21,1.1983,-70.1733,71.6,97,100,1.68
390,Pozo Colorado,PY,2021-01-28 04:28:21,-23.4923,-58.7972,75.34,88,0,5.75
391,Edd,ER,2021-01-28 04:28:21,13.9297,41.6925,74.21,35,0,10.85
392,Ogbomosho,NG,2021-01-28 04:28:21,8.133,4.25,73.4,88,0,2.71
393,Dosso,NE,2021-01-28 04:28:22,13.049,3.1937,66.31,22,16,9.28
394,Morros,BR,2021-01-28 04:28:22,-9.4467,-46.3003,75.15,80,95,2.19
395,Willowmore,ZA,2021-01-28 04:28:22,-33.2926,23.4895,54.19,89,3,3.42
396,Eyl,SO,2021-01-28 04:28:22,7.9803,49.8164,72.95,73,24,18.61
397,Husavik,IS,2021-01-28 04:28:22,66.0449,-17.3389,17.6,86,75,3.44
398,Qurayyat,SA,2021-01-28 04:28:22,31.3318,37.3428,41.0,65,0,9.1
399,Kulu,TR,2021-01-28 04:28:22,39.0951,33.0799,31.73,89,99,16.17
400,Quatre Cocos,MU,2021-01-28 04:28:23,-20.2078,57.7625,84.0,78,20,3.44
401,Chingirlau,KZ,2021-01-28 04:28:23,51.095,54.0814,11.3,93,59,14.23
402,Boyabat,TR,2021-01-28 04:28:23,41.4689,34.7667,40.15,83,88,1.14
403,Muscat,OM,2021-01-28 04:28:23,23.6139,58.5922,59.0,77,0,3.44
404,Catamarca,AR,2021-01-28 04:28:23,-28.4696,-65.7852,63.0,70,20,1.99
405,Mayumba,GA,2021-01-28 04:28:23,-3.432,10.6554,76.78,87,100,2.08
406,Ipswich,GB,2021-01-28 04:28:24,52.0592,1.1555,45.0,100,90,9.22
407,Yarensk,RU,2021-01-28 04:28:24,62.1675,49.0916,27.14,96,95,9.17
408,Namibe,AO,2021-01-28 04:28:24,-15.1961,12.1522,71.85,82,96,7.36
409,Saint-Georges,GD,2021-01-28 04:28:24,12.0564,-61.7485,77.0,83,20,11.5
410,Buraydah,SA,2021-01-28 04:27:26,26.326,43.975,55.4,50,0,3.44
411,Zhanaozen,KZ,2021-01-28 04:28:24,43.3,52.8,32.25,87,18,27.13
412,Malartic,CA,2021-01-28 04:28:25,48.1335,-78.1328,5.0,85,90,11.5
413,Norrtalje,SE,2021-01-28 04:28:25,59.758,18.705,25.0,93,90,2.3
414,Port Hawkesbury,CA,2021-01-28 04:28:25,45.6169,-61.3485,27.0,86,90,4.61
415,Barinas,VE,2021-01-28 04:28:25,8.6226,-70.2075,74.44,60,43,4.65
416,Taguatinga,BR,2021-01-28 04:28:25,-12.3857,-46.5711,74.91,67,78,2.39
417,Goba,ET,2021-01-28 04:28:25,7.0167,39.9833,45.12,58,0,3.04
418,Bikaner,IN,2021-01-28 04:26:13,28.0167,73.3,60.8,27,0,3.18
419,Okhtyrka,UA,2021-01-28 04:28:26,50.3104,34.8988,36.37,95,100,8.9
420,Barsuki,RU,2021-01-28 04:28:26,54.2655,37.4875,33.89,99,100,5.61
421,Kribi,CM,2021-01-28 04:28:26,2.95,9.9167,77.58,87,100,5.61
422,Beroroha,MG,2021-01-28 04:28:26,-21.6667,45.1667,79.63,80,1,1.19
423,Itaituba,BR,2021-01-28 04:28:26,-4.2761,-55.9836,78.8,94,0,5.75
424,Plettenberg Bay,ZA,2021-01-28 04:28:27,-34.0527,23.3716,62.6,76,70,2.28
425,Dezful,IR,2021-01-28 04:28:27,32.3811,48.4058,55.56,40,100,4.68
426,Campechuela,CU,2021-01-28 04:28:27,20.2342,-77.2789,73.51,82,0,2.95
427,Tromso,NO,2021-01-28 04:25:41,69.6496,18.957,24.8,50,75,9.22
428,Cahors,FR,2021-01-28 04:28:28,44.4167,1.3333,55.4,94,90,9.22
429,Campo Verde,BR,2021-01-28 04:28:28,-20.4167,-54.0667,69.8,94,75,8.05
430,Artyom,AZ,2021-01-28 04:28:28,40.4723,50.333,46.4,87,75,25.32
431,Bougouni,ML,2021-01-28 04:28:28,11.417,-7.479,66.4,21,0,4.81
432,Antofagasta,CL,2021-01-28 04:28:28,-23.65,-70.4,66.2,77,20,6.91
433,Okha,RU,2021-01-28 04:28:28,53.5739,142.9478,9.36,95,100,14.03
434,Saline,US,2021-01-28 04:28:29,34.6501,-92.6835,36.0,72,22,1.99
435,Acarau,BR,2021-01-28 04:28:29,-2.8856,-40.12,78.58,83,69,11.18
436,Buchanan,LR,2021-01-28 04:28:29,5.8808,-10.0467,75.2,94,20,3.94
437,Mandera,KE,2021-01-28 04:28:29,3.9366,41.867,75.69,68,46,7.58
438,Mugur-Aksy,RU,2021-01-28 04:28:29,50.35,90.5,9.79,86,80,6.17
439,Zabol,AF,2021-01-28 04:28:30,32.25,67.25,34.29,69,0,4.09
440,Biltine,TD,2021-01-28 04:28:30,14.5333,20.9167,68.22,19,15,12.21
441,Glace Bay,CA,2021-01-28 04:28:30,46.1969,-59.957,27.0,83,95,7.0
442,Bereznik,RU,2021-01-28 04:28:30,62.8551,42.7072,22.77,98,95,4.03
443,Cortland,US,2021-01-28 04:28:30,42.6001,-76.083,21.2,79,90,5.75
444,Conde,BR,2021-01-28 04:28:30,-7.2597,-34.9075,78.8,83,20,5.75
445,Aksarayskiy,RU,2021-01-28 04:28:31,46.7924,48.0119,30.2,74,0,13.42
446,Almaty,KZ,2021-01-28 04:27:48,43.25,76.95,14.0,79,0,2.24
447,Pandamatenga,BW,2021-01-28 04:28:31,-18.5278,25.627,63.86,97,26,4.07
448,Skjervoy,NO,2021-01-28 04:28:31,70.0311,20.9714,23.67,89,100,23.29
449,Jintur,IN,2021-01-28 04:28:31,19.6167,76.7,75.99,43,0,11.21
450,Chapleau,CA,2021-01-28 04:28:31,47.8405,-83.4034,-10.41,90,37,4.92
451,Rio Grande,BR,2021-01-28 04:28:32,-32.035,-52.0986,70.0,97,63,10.22
452,Margate,GB,2021-01-28 04:28:32,51.3813,1.3862,48.99,93,100,1.99
453,Concarneau,FR,2021-01-28 04:28:32,47.875,-3.9225,53.6,100,90,20.71
454,Boyuibe,BO,2021-01-28 04:28:32,-20.4167,-63.2833,69.37,81,84,3.15
455,Itarema,BR,2021-01-28 04:28:32,-2.9248,-39.9167,78.8,83,58,11.59
456,Tikrit,IQ,2021-01-28 04:28:33,34.6071,43.6782,56.86,38,100,10.98
457,Stutterheim,ZA,2021-01-28 04:28:33,-32.5708,27.424,62.6,100,75,6.91
458,Riyadh,SA,2021-01-28 04:28:33,24.6877,46.7219,59.0,31,0,11.5
459,Lesnyye Polyany,RU,2021-01-28 04:28:33,55.9667,37.8667,30.2,93,40,8.95
460,Altay,CN,2021-01-28 04:28:33,47.8667,88.1167,7.25,79,0,0.69
461,Yar-Sale,RU,2021-01-28 04:28:33,66.8333,70.8333,-31.2,83,100,10.11
462,Sandwick,GB,2021-01-28 04:28:34,60.0,-1.25,28.4,86,0,2.3
463,Natal,BR,2021-01-28 04:25:45,-5.795,-35.2094,78.8,78,20,9.22
464,Pyrzyce,PL,2021-01-28 04:28:34,53.1462,14.8926,34.0,86,100,10.0
465,Beira,MZ,2021-01-28 04:28:34,-19.8436,34.8389,78.8,94,40,3.44
466,Bara,NG,2021-01-28 04:28:34,10.3744,10.7288,69.4,18,98,9.24
467,Maxixe,MZ,2021-01-28 04:28:34,-23.8597,35.3472,82.4,89,40,4.61
468,Copiapo,CL,2021-01-28 04:25:27,-27.3667,-70.3333,59.0,88,90,5.75
469,Winter Haven,US,2021-01-28 04:28:35,28.0222,-81.7329,71.01,100,90,9.22
470,Dhidhdhoo,MV,2021-01-28 04:24:00,6.8833,73.1,80.78,67,0,12.19
471,Katima Mulilo,NA,2021-01-28 04:28:35,-17.5,24.2667,64.24,96,82,5.73
472,Svetlyy,RU,2021-01-28 04:28:35,54.675,20.1347,32.0,80,0,4.47
473,Nicoya,CR,2021-01-28 04:28:35,10.1483,-85.452,80.6,57,0,16.11
474,Manaus,BR,2021-01-28 04:28:36,-3.1019,-60.025,77.0,94,0,2.3
475,Sinnamary,GF,2021-01-28 04:28:36,5.3833,-52.95,76.14,80,100,11.16
476,Semme,FR,2021-01-28 04:28:37,46.1963,1.5007,50.0,100,90,11.5
477,Tobane,BW,2021-01-28 04:28:37,-21.95,27.9,71.6,94,40,4.61
478,Aksay,RU,2021-01-28 04:28:37,47.26,39.87,36.0,100,90,17.9
479,San Carlos De Bariloche,AR,2021-01-28 04:28:37,-41.1456,-71.3082,50.0,66,40,16.11
480,Salt,JO,2021-01-28 04:28:37,32.0392,35.7272,50.0,87,40,5.75
481,Aktash,RU,2021-01-28 04:28:37,50.3,87.7333,3.09,91,70,2.8
482,Brattleboro,US,2021-01-28 04:28:37,42.8509,-72.5579,28.99,91,99,3.27
483,Atyrau,KZ,2021-01-28 04:28:38,47.1167,51.8833,21.2,79,0,20.13
484,Marovoay,MG,2021-01-28 04:28:38,-16.1,46.6333,78.8,94,40,4.61
485,Suarez,CO,2021-01-28 04:26:20,2.954,-76.6964,68.29,81,99,2.15
486,Santa Isabel Do Rio Negro,BR,2021-01-28 04:28:38,-0.4139,-65.0192,75.0,86,36,0.76
487,Ajaccio,FR,2021-01-28 04:28:38,42.0,8.9167,41.0,81,0,8.05
488,Tyukalinsk,RU,2021-01-28 04:28:39,55.8732,72.1967,20.88,97,100,12.26
489,Trinidad,BO,2021-01-28 04:28:39,-14.8333,-64.9,74.48,94,100,5.99
490,Sao Miguel Do Araguaia,BR,2021-01-28 04:28:39,-13.275,-50.1628,73.11,88,99,2.35
491,Yondo,CO,2021-01-28 04:28:39,7.0062,-73.9097,76.55,85,96,1.57
492,Penalva,BR,2021-01-28 04:28:39,-3.2942,-45.1736,74.57,96,100,2.21
493,Kalemie,CD,2021-01-28 04:28:39,-5.9475,29.1947,68.72,83,83,2.37
494,Oistins,BB,2021-01-28 04:28:40,13.0667,-59.5333,78.8,65,20,20.71
495,Ciudad Bolivar,VE,2021-01-28 04:28:40,8.1222,-63.5497,76.1,70,97,11.63
496,Porbandar,IN,2021-01-28 04:28:40,21.6422,69.6093,68.0,32,0,9.22
497,La Union,PE,2021-01-28 04:28:40,-5.4,-80.75,76.39,64,73,12.26
498,Ancud,CL,2021-01-28 04:28:41,-41.8697,-73.8203,53.01,93,20,2.3
499,Mao,ES,2021-01-28 04:28:41,39.8885,4.2658,51.8,100,20,3.44
500,Tsumeb,NA,2021-01-28 04:25:12,-19.2333,17.7167,68.0,77,75,2.3
501,Casa Nova,BR,2021-01-28 04:28:41,-9.4167,-41.1333,80.6,61,20,13.8
502,Bayan,CN,2021-01-28 04:28:41,46.0833,127.4,-1.71,91,84,8.41
503,San Felipe,VE,2021-01-28 04:28:41,10.3399,-68.7425,71.74,89,100,4.99
504,Cascais,PT,2021-01-28 04:28:41,38.6979,-9.4215,57.0,88,93,3.0
505,Luanda,AO,2021-01-28 04:28:42,-8.8368,13.2343,78.8,83,75,5.75
506,Manturovo,RU,2021-01-28 04:28:42,58.3353,44.7619,25.52,98,100,2.86
507,Matara,LK,2021-01-28 04:28:42,5.9485,80.5353,82.24,65,28,1.74
508,Puerto Madryn,AR,2021-01-28 04:24:20,-42.7692,-65.0385,62.8,52,2,14.56
509,Naberera,TZ,2021-01-28 04:28:42,-4.2,36.9333,59.72,95,0,2.62
510,Biala Podlaska,PL,2021-01-28 04:28:42,52.0324,23.1165,28.4,86,90,4.47
511,Shakhtinsk,KZ,2021-01-28 04:28:43,49.71,72.5872,21.2,86,90,4.47
512,Leh,IN,2021-01-28 04:28:43,34.1667,77.5833,3.97,63,4,1.07
513,Kangaatsiaq,GL,2021-01-28 04:28:43,68.3065,-53.4641,6.64,94,83,8.08
514,Sokolo,ML,2021-01-28 04:28:43,14.7328,-6.1219,63.07,23,0,10.09
515,Belyy Yar,RU,2021-01-28 04:28:43,53.6039,91.3903,26.6,59,75,11.18
516,Sao Filipe,CV,2021-01-28 04:28:44,14.8961,-24.4956,73.02,67,47,6.08
517,Ulefoss,NO,2021-01-28 04:28:44,59.2838,9.2646,17.01,84,0,5.01
518,Piacabucu,BR,2021-01-28 04:28:44,-10.4056,-36.4344,75.72,84,74,5.75
519,Mangai,CD,2021-01-28 04:28:44,-4.05,19.5333,69.37,98,100,0.72
520,Gasa,PS,2021-01-28 04:28:44,31.5,34.4667,59.0,100,81,14.0
521,Kambove,CD,2021-01-28 04:28:44,-10.8764,26.5969,59.94,97,97,1.66
522,Bull Savanna,JM,2021-01-28 04:28:44,17.8868,-77.5902,72.25,83,7,5.66
523,Port-Gentil,GA,2021-01-28 04:28:45,-0.7193,8.7815,78.24,84,100,8.3
524,Hopelchen,MX,2021-01-28 04:28:45,19.7667,-89.85,73.94,77,34,1.95
525,Ussel,FR,2021-01-28 04:28:45,45.55,2.3167,48.0,96,100,5.99
526,Gobabis,NA,2021-01-28 04:28:45,-22.45,18.9667,67.87,35,52,8.7
527,Rincon,US,2021-01-28 04:26:48,32.296,-81.2354,57.2,94,90,11.5
528,Lagoa,PT,2021-01-28 04:28:45,39.05,-27.9833,59.67,79,25,22.32
529,Ampanihy,MG,2021-01-28 04:24:26,-24.7,44.75,79.68,73,0,10.11
530,Taoudenni,ML,2021-01-28 04:28:46,22.6783,-3.9836,64.02,40,0,14.0
531,Obidos,BR,2021-01-28 04:28:46,-1.9175,-55.5181,74.12,96,97,1.7
532,Santiago Del Estero,AR,2021-01-28 04:28:46,-27.7951,-64.2615,78.57,51,38,8.48
533,Aksarka,RU,2021-01-28 04:28:46,66.5606,67.7975,-26.97,85,100,10.18
534,Belmonte,BR,2021-01-28 04:28:46,-15.8631,-38.8828,77.0,73,20,6.91
535,Santa Cruz,BO,2021-01-28 04:25:49,-17.8,-63.1667,73.4,94,90,10.36
536,Chinsali,ZM,2021-01-28 04:28:47,-10.5414,32.0816,61.41,97,100,1.72
537,Gornopravdinsk,RU,2021-01-28 04:28:47,60.05,69.9,10.56,96,100,8.3
538,Sol-Iletsk,RU,2021-01-28 04:28:47,51.1631,54.9918,10.31,93,38,10.27
539,Zaraza,VE,2021-01-28 04:28:47,9.3503,-65.3245,72.45,88,100,5.03
540,Porto Seguro,BR,2021-01-28 04:28:47,-16.4497,-39.0647,77.0,73,20,6.91
541,Ambilobe,MG,2021-01-28 04:28:48,-13.2,49.05,76.53,89,2,1.63
542,Stykkisholmur,IS,2021-01-28 04:28:48,65.0757,-22.7297,24.12,85,89,7.85
543,Sao Pedro Do Sul,BR,2021-01-28 04:28:48,-29.6206,-54.1789,69.8,100,90,3.71
544,Porkhov,RU,2021-01-28 04:28:48,57.765,29.5561,32.0,100,75,2.24
545,Gilgit,PK,2021-01-28 04:28:49,35.9221,74.3087,24.89,56,90,3.69
546,Werda,BW,2021-01-28 04:28:49,-25.2667,23.2833,70.38,40,91,2.1
547,Shuyskoye,RU,2021-01-28 04:28:49,59.3736,41.0305,24.84,98,98,4.27
548,Paamiut,GL,2021-01-28 04:28:49,61.994,-49.6678,32.68,82,86,9.04
549,Rudbar,AF,2021-01-28 04:28:49,30.15,62.6,49.28,36,0,3.51
550,Rohtak,IN,2021-01-28 04:28:49,28.9,76.5667,50.0,81,0,3.44
551,Magaria,NE,2021-01-28 04:26:03,12.9983,8.9099,63.91,22,70,10.38
552,Jizan,SA,2021-01-28 04:28:50,17.3333,42.6667,71.6,83,1,8.05
553,Borba,BR,2021-01-28 04:28:50,-4.3878,-59.5939,74.53,96,97,0.6
554,Thunder Bay,CA,2021-01-28 04:25:26,48.4001,-89.3168,-4.0,71,1,5.75
555,Oktyabrskoye,RU,2021-01-28 04:28:50,43.0645,44.7417,24.8,100,50,8.95
556,Chabahar,IR,2021-01-28 04:28:51,25.2919,60.643,66.4,54,0,5.95
557,Beyneu,KZ,2021-01-28 04:28:51,45.3167,55.2,29.23,92,1,20.89
558,Robore,BO,2021-01-28 04:28:51,-18.3333,-59.75,71.65,92,54,6.49
559,Elbrus,RU,2021-01-28 04:28:51,43.2577,42.6443,30.29,84,65,7.18
560,Skalat,UA,2021-01-28 04:28:51,49.4273,25.9787,32.0,85,100,14.72
561,Fontaine,FR,2021-01-28 04:28:51,45.1984,5.6827,39.99,93,75,13.8
562,Jacksonville,US,2021-01-28 04:24:31,30.3322,-81.6556,64.4,94,90,12.66
563,Bad Bentheim,DE,2021-01-28 04:28:52,52.3167,7.1667,39.99,74,100,5.86
564,Lieksa,FI,2021-01-28 04:28:52,63.3167,30.0167,26.26,98,91,5.48
565,Ouadda,CF,2021-01-28 04:28:52,8.0777,22.4007,71.29,22,84,3.91
566,Gat,IL,2021-01-28 04:24:03,31.61,34.7642,59.0,100,79,9.48
567,Kautokeino,NO,2021-01-28 04:28:52,69.0125,23.0412,11.8,95,100,15.3
568,Palafrugell,ES,2021-01-28 04:25:16,41.9174,3.1631,48.99,93,20,2.84
569,Estelle,US,2021-01-28 04:28:53,29.8458,-90.1067,55.99,71,75,12.66
570,Inderka,RU,2021-01-28 04:28:53,53.2485,46.2582,23.23,96,100,10.25
571,Kingston,JM,2021-01-28 04:28:53,17.997,-76.7936,80.6,74,75,4.61
572,Pedro Juan Caballero,PY,2021-01-28 04:28:53,-22.5472,-55.7333,68.94,92,65,9.01
573,Kisanga,TZ,2021-01-28 04:28:54,-7.4362,37.7034,72.75,88,12,1.52
